freq_Hz,mag_dB_mean,mag_dB_lo,mag_dB_hi,delay_ms_mean,delay_ms_lo,delay_ms_hi
51.66,-0.399,-0.346,-0.304,0.3895,0.4026,0.4464
52.70,-0.399,-0.346,-0.304,0.3895,0.4026,0.4464
53.75,-0.399,-0.346,-0.304,0.3895,0.4026,0.4464
54.83,-0.419,-0.366,-0.304,0.3803,0.4010,0.4464
55.93,-0.453,-0.393,-0.325,0.3544,0.3819,0.4124
57.05,-0.491,-0.420,-0.346,0.3261,0.3480,0.3498
58.19,-0.543,-0.508,-0.365,0.2973,0.2886,0.2887
59.36,-0.578,-0.535,-0.388,0.2701,0.0883,0.2481
60.55,-0.602,-0.544,-0.388,0.2617,-0.0385,0.2451
61.76,-0.628,-0.595,-0.388,0.2716,0.2368,0.2740
63.00,-0.645,-0.598,-0.388,0.2908,0.2951,0.3046
64.26,-0.661,-0.623,-0.367,0.3102,0.3037,0.3079
65.55,-0.678,-0.640,-0.367,0.3326,0.3225,0.3267
66.86,-0.687,-0.650,-0.367,0.3611,0.3788,0.3806
68.20,-0.703,-0.661,-0.391,0.3968,0.4306,0.4341
69.57,-0.711,-0.677,-0.409,0.4351,0.4471,0.4683
70.96,-0.724,-0.682,-0.418,0.4667,0.4906,0.5374
72.38,-0.746,-0.703,-0.430,0.4706,0.5094,0.5374
73.83,-0.763,-0.718,-0.446,0.4141,0.4887,0.5077
75.31,-0.795,-0.753,-0.451,0.3321,0.3837,0.3896
76.82,-0.830,-0.767,-0.452,0.2516,0.2136,0.2223
78.36,-0.850,-0.787,-0.472,0.2206,0.2124,0.2223
79.93,-0.846,-0.787,-0.472,0.2667,0.2409,0.2533
81.53,-0.829,-0.787,-0.472,0.3422,0.3151,0.3204
83.17,-0.822,-0.787,-0.493,0.3977,0.3221,0.3326
84.84,-0.815,-0.787,-0.493,0.3918,0.3038,0.3180
86.53,-0.808,-0.767,-0.473,0.3064,0.2133,0.2723
88.27,-0.791,-0.745,-0.472,0.2082,0.1068,0.1494
90.04,-0.789,-0.745,-0.472,0.1397,0.1036,0.1036
91.84,-0.826,-0.764,-0.491,0.0904,0.0945,0.0945
93.68,-0.872,-0.829,-0.535,0.0674,0.1095,0.3799
95.56,-0.904,-0.871,-0.556,0.0694,0.1359,0.3939
97.47,-0.913,-0.944,-0.884,0.1362,0.1716,0.3285
99.43,-0.892,-0.955,-0.934,0.2483,0.2451,0.2840
101.42,-0.871,-0.850,-0.514,0.3319,0.2451,0.3027
103.45,-0.897,-0.850,-0.514,0.3414,0.2451,0.2521
105.52,-0.933,-0.871,-0.514,0.2879,0.2013,0.2345
107.64,-0.955,-0.871,-0.535,0.2382,0.1920,0.2150
109.80,-0.955,-0.871,-0.551,0.1975,0.1282,0.1849
112.00,-0.924,-0.871,-0.565,0.1686,0.0987,0.1403
114.24,-0.902,-0.850,-0.577,0.1651,0.0928,0.1383
116.53,-0.902,-0.850,-0.577,0.2049,0.2181,0.2326
118.86,-0.902,-0.850,-0.577,0.2487,0.2818,0.3729
121.25,-0.913,-0.871,-0.598,0.2597,0.2814,0.3904
123.68,-0.930,-0.885,-0.598,0.2447,0.2653,0.3077
126.15,-0.944,-0.892,-0.619,0.2236,0.2383,0.2389
128.68,-0.944,-0.892,-0.619,0.2022,0.1926,0.1943
131.26,-0.955,-0.913,-0.619,0.1891,0.1698,0.1733
133.89,-0.968,-0.919,-0.619,0.2014,0.1910,0.2136
136.57,-0.996,-0.954,-0.619,0.2244,0.2398,0.3080
139.31,-1.020,-0.967,-0.619,0.2276,0.2398,0.3116
142.10,-1.049,-0.976,-0.640,0.2156,0.2283,0.3151
144.95,-1.049,-0.976,-0.640,0.1962,0.2073,0.2177
147.85,-1.010,-0.955,-0.640,0.1744,0.1873,0.1873
150.82,-1.001,-0.955,-0.640,0.1707,0.1799,0.1799
153.84,-1.036,-0.973,-0.658,0.1962,0.1618,0.1786
156.92,-1.049,-0.997,-0.672,0.2458,0.1693,0.1840
160.07,-1.049,-0.997,-0.682,0.3043,0.2335,0.2419
163.27,-1.049,-0.997,-0.699,0.3282,0.2783,0.2853
166.54,-1.038,-0.997,-0.703,0.3019,0.2491,0.2578
169.88,-1.062,-1.020,-0.703,0.2508,0.1681,0.1786
173.29,-1.080,-1.038,-0.719,0.2003,0.1681,0.1786
176.76,-1.091,-1.038,-0.724,0.1952,0.1831,0.1831
180.30,-1.090,-1.038,-0.726,0.2067,0.2091,0.2853
183.91,-1.080,-1.038,-0.745,0.2231,0.2363,0.2853
187.60,-1.110,-1.047,-0.745,0.2263,0.2029,0.2587
191.36,-1.122,-1.059,-0.745,0.2378,0.1505,0.2171
195.19,-1.097,-1.059,-0.745,0.2522,0.1700,0.2171
199.10,-1.095,-1.059,-0.752,0.2466,0.1786,0.2110
203.09,-1.112,-1.080,-0.766,0.2197,0.1698,0.1996
207.16,-1.129,-1.080,-0.766,0.2208,0.1698,0.2030
211.31,-1.133,-1.101,-0.766,0.2345,0.2101,0.2101
215.55,-1.133,-1.101,-0.766,0.2363,0.2101,0.2101
219.87,-1.139,-1.114,-0.799,0.2249,0.1803,0.1978
224.27,-1.157,-1.150,-0.906,0.2295,0.2030,0.2160
228.77,-1.164,-1.151,-0.860,0.2568,0.2758,0.3126
233.35,-1.185,-1.143,-0.829,0.2548,0.2766,0.3168
238.03,-1.188,-1.143,-0.829,0.2391,0.2157,0.2226
242.79,-1.205,-1.162,-0.847,0.2302,0.1856,0.2171
247.66,-1.217,-1.185,-0.850,0.2422,0.2265,0.2626
252.62,-1.227,-1.311,-1.248,0.2573,0.2643,0.3046
257.68,-1.245,-1.225,-0.937,0.2501,0.2123,0.2425
262.85,-1.259,-1.287,-1.071,0.2417,0.2013,0.2293
268.11,-1.272,-1.248,-0.871,0.2398,0.2433,0.2731
273.49,-1.290,-1.248,-0.887,0.2385,0.2433,0.2786
278.97,-1.305,-1.269,-0.913,0.2356,0.2391,0.2755
284.56,-1.333,-1.290,-0.913,0.2346,0.1965,0.2360
290.26,-1.350,-1.306,-0.913,0.2384,0.2381,0.2696
296.08,-1.372,-1.332,-0.942,0.2450,0.2538,0.3020
302.01,-1.396,-1.354,-0.976,0.2475,0.2538,0.3116
308.06,-1.423,-1.374,-0.976,0.2391,0.2526,0.2958
314.23,-1.458,-1.402,-1.004,0.2322,0.2433,0.2801
320.53,-1.479,-1.416,-1.017,0.2311,0.2398,0.2801
326.95,-1.514,-1.492,-1.052,0.2319,0.2381,0.2776
333.50,-1.545,-1.527,-1.093,0.2302,0.2363,0.2836
340.19,-1.562,-1.542,-1.122,0.2302,0.2363,0.2836
347.00,-1.603,-1.555,-1.135,0.2235,0.2374,0.2793
353.96,-1.642,-1.605,-1.175,0.2243,0.2394,0.2766
361.05,-1.667,-1.643,-1.206,0.2276,0.2433,0.2766
368.28,-1.707,-1.659,-1.218,0.2200,0.2256,0.2401
375.66,-1.746,-1.693,-1.253,0.2083,0.1716,0.2048
383.19,-1.780,-1.728,-1.287,0.2106,0.2065,0.2109
390.87,-1.826,-1.763,-1.301,0.2127,0.1716,0.2004
398.70,-1.871,-1.818,-1.336,0.2061,0.2153,0.2573
406.69,-1.905,-1.836,-1.370,0.2039,0.2153,0.2573
414.84,-1.961,-1.888,-1.395,0.2083,0.2171,0.2591
423.15,-2.008,-1.988,-1.443,0.2036,0.2162,0.2573
431.63,-2.051,-2.320,-1.938,0.2013,0.2101,0.2451
440.28,-2.101,-2.087,-1.542,0.2006,0.2101,0.2276
449.10,-2.153,-2.152,-1.586,0.1942,0.1959,0.2363
458.10,-2.205,-2.171,-1.605,0.1906,0.1659,0.2014
467.28,-2.251,-2.192,-1.626,0.1882,0.1950,0.2241
476.64,-2.309,-2.738,-2.381,0.1864,0.1943,0.2185
486.19,-2.368,-2.738,-2.381,0.1840,0.1955,0.2130
495.94,-2.417,-2.402,-1.710,0.1826,0.1955,0.2106
505.87,-2.486,-2.402,-1.710,0.1759,0.1943,0.2083
516.01,-2.555,-2.555,-1.773,0.1689,0.1838,0.2083
526.35,-2.604,-2.612,-1.773,0.1681,0.1838,0.2258
536.90,-2.673,-2.612,-1.773,0.1622,0.1838,0.2292
547.65,-2.730,-2.692,-1.827,0.1611,0.1810,0.2343
558.63,-2.798,-2.759,-1.836,0.1716,0.1803,0.2416
569.82,-2.860,-2.778,-1.874,0.1716,0.1787,0.2416
581.24,-2.935,-3.024,-2.559,0.1606,0.1748,0.2347
592.89,-3.009,-3.355,-3.066,0.1502,0.1515,0.2255
604.77,-3.088,-3.534,-3.170,0.1411,0.1488,0.2118
616.89,-3.164,-3.640,-3.220,0.1369,0.1488,0.2206
629.25,-3.236,-3.578,-3.039,0.1330,0.1485,0.2206
641.86,-3.306,-3.283,-2.171,0.1367,0.1470,0.2220
654.72,-3.371,-3.323,-2.201,0.1374,0.1453,0.2144
667.84,-3.437,-4.122,-3.472,0.1374,0.1453,0.2138
681.22,-3.515,-3.663,-2.619,0.1374,0.1453,0.2112
694.87,-3.585,-3.577,-2.402,0.1429,0.1505,0.2078
708.79,-3.673,-3.581,-2.404,0.1437,0.1505,0.2048
722.99,-3.739,-3.665,-2.454,0.1365,0.1518,0.2035
737.48,-3.824,-3.727,-3.715,0.1365,0.1523,0.2066
752.26,-3.914,-4.101,-3.997,0.1339,0.1488,0.2031
767.33,-3.998,-4.101,-3.997,0.1357,0.1488,0.2018
782.71,-4.092,-4.080,-3.976,0.1344,0.1440,0.1977
798.39,-4.206,-4.080,-2.717,0.1208,0.1330,0.1908
814.39,-4.307,-4.316,-3.795,0.1066,0.1173,0.1856
830.71,-4.428,-4.482,-4.462,0.0919,0.1045,0.1856
847.35,-4.529,-4.584,-4.561,0.0824,0.1016,0.1889
864.33,-4.630,-4.597,-4.486,0.0828,0.1015,0.1891
881.65,-4.726,-4.668,-4.187,0.0996,0.1222,0.1864
899.32,-4.821,-4.725,-3.115,0.1185,0.1345,0.1662
917.34,-4.946,-4.808,-4.054,0.1269,0.1348,0.1716
935.72,-5.130,-4.921,-3.183,0.1126,0.1327,0.1646
954.47,-5.418,-5.113,-3.199,0.0445,0.1191,0.1646
973.60,-5.787,-5.310,-4.065,0.0221,0.1050,0.1646
993.11,-5.812,-5.360,-3.262,0.0170,0.1056,0.1649
1013.01,-5.500,-5.239,-3.262,0.0567,0.1186,0.1721
1033.30,-5.289,-5.141,-3.262,0.1159,0.1435,0.1786
1054.01,-5.186,-5.103,-3.268,0.1341,0.1435,0.1770
1075.13,-5.123,-5.066,-3.337,0.1384,0.1476,0.1663
1096.67,-5.087,-5.045,-3.346,0.1369,0.1505,0.1663
1118.65,-5.089,-5.047,-3.344,0.1270,0.1489,0.1733
1141.06,-5.108,-5.066,-3.310,0.1169,0.1313,0.1681
1163.93,-5.129,-5.087,-3.304,0.1099,0.1124,0.1515
1187.25,-5.151,-5.108,-3.305,0.0997,0.1068,0.1203
1211.04,-5.168,-5.138,-3.383,0.0974,0.1056,0.1873
1235.31,-5.185,-5.150,-3.494,0.0907,0.1039,0.1838
1260.06,-5.192,-5.150,-3.535,0.0867,0.1050,0.1716
1285.31,-5.171,-5.150,-3.549,0.1042,0.1192,0.1698
1311.06,-5.144,-5.377,-4.039,0.1099,0.1311,0.1731
1337.33,-5.109,-5.125,-3.626,0.1246,0.1348,0.1768
1364.13,-5.108,-5.075,-3.556,0.1320,0.1359,0.1768
1391.47,-5.108,-6.194,-5.150,0.1334,0.1228,0.1606
1419.35,-5.128,-6.178,-5.150,0.1287,0.1315,0.1679
1447.79,-5.141,-5.120,-3.451,0.1252,0.1383,0.1751
1476.80,-5.155,-5.129,-3.447,0.1255,0.1369,0.1758
1506.39,-5.190,-5.148,-3.430,0.1277,0.1413,0.1786
1536.58,-5.214,-5.172,-3.430,0.1287,0.1435,0.1821
1567.37,-5.250,-5.200,-3.409,0.1262,0.1429,0.1961
1598.77,-5.302,-5.754,-5.002,0.1196,0.1256,0.2062
1630.81,-5.355,-5.614,-4.399,0.1064,0.1138,0.2188
1663.49,-5.381,-5.796,-5.138,0.0989,0.1149,0.2066
1696.82,-5.381,-5.339,-3.351,0.1044,0.1157,0.2011
1730.82,-5.351,-5.297,-3.364,0.1151,0.1241,0.1976
1765.50,-5.316,-5.295,-3.392,0.1243,0.1348,0.1977
1800.88,-5.297,-5.276,-3.507,0.1262,0.1361,0.1974
1836.96,-5.276,-5.247,-3.631,0.1273,0.1383,0.1978
1873.77,-5.266,-5.277,-3.753,0.1278,0.1383,0.1978
1911.32,-5.273,-5.550,-4.284,0.1272,0.1371,0.1954
1949.62,-5.287,-6.115,-5.318,0.1181,0.1068,0.1581
1988.68,-5.297,-5.255,-5.255,0.1068,0.0455,0.0963
2028.53,-5.277,-5.228,-5.171,0.0998,0.0455,0.0893
2069.18,-5.225,-5.171,-5.066,0.1042,0.0796,0.0930
2110.64,-5.153,-5.131,-5.127,0.1161,0.1199,0.1651
2152.94,-5.070,-5.083,-5.066,0.1269,0.1412,0.1779
2196.08,-4.956,-4.840,-3.530,0.1412,0.1615,0.1917
2240.08,-4.852,-4.755,-3.457,0.1558,0.1724,0.2039
2284.97,-4.770,-4.710,-3.451,0.1685,0.1753,0.2078
2330.75,-4.716,-4.684,-3.487,0.1751,0.1821,0.2082
2377.46,-4.699,-4.668,-3.819,0.1735,0.1821,0.1952
2425.10,-4.737,-4.668,-3.997,0.1621,0.1793,0.1925
2473.69,-4.805,-4.859,-4.160,0.1468,0.1479,0.1628
2523.26,-4.891,-5.570,-4.941,0.1273,0.0755,0.1093
2573.82,-4.956,-5.717,-4.983,0.1122,0.0648,0.1007
2625.39,-4.983,-4.938,-3.821,0.1096,0.0659,0.0998
2678.00,-4.974,-4.920,-3.766,0.1173,0.1173,0.1422
2731.66,-4.921,-4.901,-3.766,0.1272,0.1326,0.1540
2786.40,-4.887,-4.853,-3.766,0.1342,0.1403,0.1612
2842.23,-4.862,-4.815,-3.766,0.1374,0.1448,0.1693
2899.18,-4.846,-4.815,-3.725,0.1386,0.1453,0.1771
2957.27,-4.857,-4.816,-3.665,0.1390,0.1453,0.1803
3016.53,-4.889,-4.836,-3.766,0.1290,0.1441,0.1803
3076.98,-4.927,-4.864,-3.878,0.1149,0.1148,0.1342
3138.63,-4.941,-4.878,-3.892,0.1103,0.1068,0.1068
3201.52,-4.916,-4.885,-3.892,0.1138,0.1190,0.1488
3265.68,-4.879,-4.857,-3.892,0.1149,0.1190,0.1488
3331.11,-4.827,-5.338,-4.774,0.1189,0.1190,0.1538
3397.86,-4.768,-5.885,-4.773,0.1226,0.1299,0.1663
3465.95,-4.712,-5.563,-4.435,0.1269,0.1330,0.1628
3535.40,-4.689,-4.647,-3.472,0.1237,0.1330,0.1580
3606.24,-4.689,-4.647,-3.460,0.1107,0.1078,0.1190
3678.50,-4.672,-5.780,-4.689,0.1016,0.0805,0.0928
3752.21,-4.610,-5.670,-4.671,0.0989,0.0805,0.0928
3827.40,-4.504,-5.507,-4.584,0.1038,0.0951,0.1071
3904.09,-4.349,-4.935,-4.328,0.1113,0.1162,0.1263
3982.32,-4.202,-4.102,-3.306,0.1222,0.1336,0.1422
4062.12,-4.066,-3.976,-2.948,0.1287,0.1365,0.1505
4143.51,-3.970,-3.934,-2.885,0.1211,0.1361,0.1492
4226.54,-3.884,-3.901,-3.409,0.1125,0.1016,0.1099
4311.23,-3.782,-3.684,-3.438,0.1068,0.0858,0.0998
4397.62,-3.629,-3.568,-3.532,0.1110,0.0862,0.1001
4485.74,-3.429,-3.348,-2.865,0.1259,0.1001,0.1072
4575.62,-3.240,-3.065,-2.184,0.1383,0.1540,0.1611
4667.31,-3.114,-3.052,-2.171,0.1379,0.1540,0.1609
4760.83,-3.094,-3.431,-2.827,0.1195,0.1304,0.1345
4856.23,-3.020,-3.598,-3.115,0.1085,0.0840,0.0998
4953.54,-2.864,-2.654,-2.654,0.1147,0.1050,0.1050
5052.79,-2.663,-2.466,-1.888,0.1357,0.1438,0.1517
5154.04,-2.516,-2.438,-1.789,0.1427,0.1646,0.1768
5257.32,-2.465,-2.403,-1.731,0.1284,0.0976,0.1048
5362.66,-2.440,-2.423,-1.947,0.1143,0.0875,0.0998
5470.12,-2.336,-2.258,-1.731,0.1165,0.0889,0.1002
5579.73,-2.180,-2.087,-2.056,0.1373,0.1104,0.1127
5691.53,-2.076,-2.003,-1.395,0.1453,0.1120,0.1155
5805.58,-2.073,-2.045,-1.563,0.1320,0.0951,0.1148
5921.91,-2.098,-2.027,-1.490,0.1229,0.0910,0.1120
6040.57,-2.071,-2.003,-1.424,0.1266,0.0992,0.1139
6161.61,-2.024,-1.962,-1.269,0.1405,0.1083,0.1217
6285.08,-2.042,-1.962,-1.269,0.1427,0.1083,0.1260
6411.02,-2.102,-2.084,-1.332,0.1362,0.1026,0.1235
6539.48,-2.174,-2.150,-1.329,0.1349,0.0980,0.1208
6670.52,-2.201,-2.167,-1.246,0.1411,0.1062,0.1276
6804.18,-2.247,-2.180,-1.227,0.1492,0.1103,0.1383
6940.52,-2.344,-2.217,-1.233,0.1494,0.1103,0.1383
7079.60,-2.438,-2.317,-1.290,0.1470,0.1103,0.1383
7221.46,-2.534,-2.481,-1.311,0.1489,0.1141,0.1397
7366.16,-2.615,-2.570,-1.416,0.1549,0.1646,0.1646
7513.76,-2.733,-2.657,-1.591,0.1549,0.1646,0.1706
7664.32,-2.875,-2.918,-2.823,0.1540,0.1646,0.1751
7817.90,-3.031,-3.073,-3.073,0.1567,0.1646,0.1786
7974.55,-3.222,-3.171,-3.142,0.1619,0.1383,0.1626
8134.34,-3.454,-3.304,-3.304,0.1675,0.1255,0.1593
8297.34,-3.716,-3.786,-3.304,0.1825,0.1243,0.1593
8463.60,-3.970,-4.714,-4.065,0.1930,0.1260,0.1759
8633.19,-4.147,-5.365,-4.296,0.1996,0.1269,0.1873
8806.18,-4.255,-5.318,-4.311,0.1996,0.1263,0.1873
8982.64,-4.269,-4.648,-4.039,0.1946,0.1680,0.1932
9162.63,-4.269,-4.227,-3.724,0.1889,0.2013,0.2283
9346.23,-4.269,-4.246,-3.724,0.1874,0.2013,0.2463
9533.51,-4.221,-4.881,-4.025,0.1860,0.2022,0.2486
9724.54,-4.064,-5.222,-4.177,0.1857,0.2031,0.2445
9919.40,-3.786,-3.904,-3.865,0.1864,0.2031,0.2416
10118.16,-3.419,-3.442,-3.431,0.1796,0.2022,0.2356
10320.91,-3.057,-2.923,-2.923,0.1699,0.1938,0.2225
10527.72,-2.710,-2.578,-2.398,0.1598,0.1772,0.1927
10738.67,-2.452,-2.270,-1.409,0.1528,0.1068,0.1398
10953.85,-2.281,-2.149,-1.144,0.1362,0.1106,0.1380
11173.35,-2.193,-2.129,-0.934,0.1322,0.1467,0.1638
11397.23,-2.198,-2.849,-1.473,0.1202,0.1453,0.1611
11625.61,-2.255,-4.143,-2.339,0.1058,0.1412,0.1487
11858.56,-2.182,-4.158,-2.339,0.1035,0.0398,0.0683
12096.18,-1.948,-3.510,-2.225,0.1075,0.0374,0.0595
12338.57,-1.626,-1.290,0.451,0.1287,0.0420,0.0595
12585.80,-1.491,-1.290,0.451,0.1030,0.1996,0.2059
12838.00,-1.382,-1.269,0.451,0.0906,0.1996,0.2062
13095.24,-0.969,-0.647,0.451,0.1305,0.0891,0.0892
13357.64,-0.618,-0.409,0.451,0.1322,0.0840,0.0840
13625.30,-0.556,-0.409,0.451,0.1306,0.1681,0.1843
13898.32,-0.690,-0.486,0.451,0.1287,0.1681,0.1856
14176.82,-1.014,-0.669,0.451,0.1323,0.1681,0.1856
14460.89,-1.585,-0.969,-0.837,0.1416,0.1098,0.1158
14750.65,-2.322,-2.943,-2.907,0.1470,0.1107,0.1164
15046.23,-2.829,-3.199,-3.157,0.1488,0.0601,0.0875
15347.72,-2.861,-2.426,-0.423,0.1459,0.0496,0.0665
15655.26,-2.489,-2.253,-0.302,0.1322,0.0525,0.0665
15968.95,-2.449,-2.234,0.308,0.1457,0.1360,0.1441
16288.94,-2.746,-2.253,0.451,0.1554,0.2518,0.2777
16615.33,-3.330,-2.430,0.451,0.1775,0.4026,0.4026
16948.27,-3.299,-2.453,0.451,0.1789,0.4026,0.4026
17287.88,-2.798,-2.463,0.451,0.1339,0.2836,0.3642
17634.29,-2.638,-2.429,0.451,0.1346,0.2836,0.3466
17987.64,-2.125,-1.534,0.451,0.1647,0.2836,0.3466
18348.07,-2.007,-1.521,0.451,0.1746,0.1926,0.1961
18715.73,-2.306,-2.599,-1.996,0.1313,0.1743,0.1778
19090.75,-2.862,-3.304,-3.220,0.1085,0.1663,0.1698
19473.29,-3.136,-3.304,-3.220,0.1085,0.0035,0.0490
